{"大田物流": "datianwuliu", "微特派": "weitepai", "飞康达物流": "feikangda", "安信达": "anxindakuaixi", "明亮物流": "mingliangwuliu", "新邦物流": "xinbangwuliu", "芝麻开门": "zhimakaimen", "上大物流": "shangda", "EMS-（中国-国际）件-英文结果": "emsinten", "加运美": "jiayunmeiwuliu", "加拿大邮政Canada Post（英文结果）": "canpost", "隆浪快递": "longlangkuaidi", "邮政小包（国际），邮政包裹（国际）、邮政国内给据（国际）": "youzhengguoji", "通和天下": "tonghetianxia", "信丰物流": "xinfengwuliu", "澳大利亚邮政(英文结果）": "auspost", "亚风速递": "yafengsudi", "加拿大邮政Canada Post(德文结果）": "canpostfr", "速尔物流": "suer", "新蛋奥硕物流": "neweggozzo", "原飞航": "yuanfeihangwuliu", "万象物流": "wanxiangwuliu", "嘉里大通": "jialidatong", "中国东方（COE）": "coe", "全际通": "quanjitong", "山东海红": "haihongwangsong", "联邦快递（Fedex-中国-中文结果）": "lianbangkuaidi", "赛澳递": "saiaodi", "海盟速递": "haimengsudi", "百福东方": "baifudongfang", "康力物流": "kangliwuliu", "郑州建华": "zhengzhoujianhua", "天地华宇": "tiandihuayu", "一邦速递": "yibangwuliu", "全一快递": "quanyikuaidi", "急先达": "jixianda", "递四方": "disifang", "邮政小包（国内），邮政包裹（国内）、邮政国内给据（国内）": "youzhengguonei", "D速快递": "dsukuaidi", "立即送": "lijisong", "比利时国际": "bpostinter", "山西红马甲": "sxhongmajia", "德邦物流": "debangwuliu", "中邮物流": "zhongyouwuliu", "DHL-国际件-英文结果": "dhlen", "万家物流": "wanjiawuliu", "风行天下": "fengxingtianxia", "USPS（中英文）": "usps", "传喜物流": "chuanxiwuliu", "飞豹快递": "feibaokuaidi", "飞快达": "feikuaida", "元智捷诚": "yuanzhijiecheng", "UPS（中文结果）": "ups", "希伊艾斯（CCES）": "cces", "GLS": "gls", "UPS（英文结果）": "upsen", "汇强快递": "huiqiangkuaidi", "港中能达": "ganzhongnengda", "OCS": "ocs", "快捷速递": "kuaijiesudi", "Fedex-美国件-英文结果": "fedexus", "华企快运": "huaqikuaiyun", "全峰快递": "quanfengkuaidi", "DHL-德国件-德文结果（德国国内派、收的件）": "dhlde", "盛辉物流": "shenghuiwuliu", "顺丰（英文结果）": "shunfengen", "乐捷递": "lejiedi", "E邮宝": "ems", "TNT（中文结果）": "tnt", "圣安物流": "shenganwuliu", "国通快递": "guotongkuaidi", "捷特快递": "jietekuaidi", "DPEX": "dpex", "三态速递": "santaisudi", "一统飞鸿": "yitongfeihong", "龙邦物流": "longbanwuliu", "BHT": "bht", "DHL-中国件-中文结果": "dhl", "中速快件": "zhongsukuaidi", "EMS-（中国-国际）件-中文结果": "emsguoji", "onTrac": "ontrac", "远成物流": "yuanchengwuliu", "Fedex-国际件-中文结果": "fedexcn", "美国快递": "meiguokuaidi", "源安达": "yuananda", "恒路物流": "hengluwuliu", "穗佳物流": "suijiawuliu", "河北建华": "hebeijianhua", "蓝镖快递": "lanbiaokuaidi", "中通速递": "zhongtong", "顺丰速递（中文结果）": "shunfeng", "广东邮政": "guangdongyouzhengwuliu", "跨越物流": "kuayue", "晋越快递": "jinyuekuaidi", "佳怡物流": "jiayiwuliu", "AAE": "aae", "运通快递": "yuntongkuaidi", "邦送物流": "bangsongwuliu", "香港邮政": "hkpost", "汇通快运": "huitongkuaidi", "优速物流": "youshuwuliu", "华夏龙": "huaxialongwuliu", "佳吉物流": "jiajiwuliu", "忠信达": "zhongxinda", "宅急送": "zhaijisong", "海外环球": "haiwaihuanqiu", "盛丰物流": "shengfengwuliu", "七天连锁": "sevendays", "共速达": "gongsuda", "TNT（英文结果）": "tnten", "全日通": "quanritongkuaidi", "京广速递": "jinguangsudikuaijian", "韵达快运": "yunda", "中天万运": "zhongtianwanyun", "天天快递": "tiantian", "银捷速递": "yinjiesudi", "合众速递": "ucs", "金大物流": "jindawuliu", "联邦快递(Fedex-中国-英文结果）": "lianbangkuaidien", "申通": "shentong", "如风达快递": "rufengda", "全晨快递": "quanchenkuaidi", "联昊通": "lianhaowuliu", "圆通速递": "yuantong", "源伟丰快递": "yuanweifeng", "EMS（英文结果）": "emsen", "越丰物流": "yuefengwuliu", "Fedex-国际件-英文结果": "fedex", "门对门": "menduimen"}